frame,people,box_width,box_height,aspect_ratio_h_over_w
fall-01-cam0-rgb-001.png,1,84,225,2.67
fall-01-cam0-rgb-002.png,1,84,226,2.69
fall-01-cam0-rgb-003.png,1,78,226,2.9
fall-01-cam0-rgb-004.png,1,83,226,2.73
fall-01-cam0-rgb-005.png,1,80,225,2.82
fall-01-cam0-rgb-006.png,1,82,226,2.75
fall-01-cam0-rgb-007.png,1,81,226,2.8
fall-01-cam0-rgb-008.png,1,80,226,2.82
fall-01-cam0-rgb-009.png,1,81,226,2.79
fall-01-cam0-rgb-010.png,1,82,226,2.76
fall-01-cam0-rgb-011.png,1,81,226,2.8
fall-01-cam0-rgb-012.png,1,81,227,2.79
fall-01-cam0-rgb-013.png,1,87,227,2.6
fall-01-cam0-rgb-014.png,1,91,227,2.5
fall-01-cam0-rgb-015.png,1,93,228,2.46
fall-01-cam0-rgb-016.png,1,96,228,2.38
fall-01-cam0-rgb-017.png,1,98,227,2.33
fall-01-cam0-rgb-018.png,1,98,228,2.33
fall-01-cam0-rgb-019.png,1,99,229,2.32
fall-01-cam0-rgb-020.png,1,99,229,2.32
fall-01-cam0-rgb-021.png,1,99,228,2.3
fall-01-cam0-rgb-022.png,1,99,229,2.31
fall-01-cam0-rgb-023.png,1,97,229,2.36
fall-01-cam0-rgb-024.png,1,99,229,2.31
fall-01-cam0-rgb-025.png,1,100,230,2.3
fall-01-cam0-rgb-026.png,1,97,230,2.37
fall-01-cam0-rgb-027.png,1,97,229,2.37
fall-01-cam0-rgb-028.png,1,96,229,2.39
fall-01-cam0-rgb-029.png,1,95,230,2.43
fall-01-cam0-rgb-030.png,1,92,231,2.52
fall-01-cam0-rgb-031.png,1,86,232,2.69
fall-01-cam0-rgb-032.png,1,85,233,2.74
fall-01-cam0-rgb-033.png,1,82,235,2.85
fall-01-cam0-rgb-034.png,1,81,237,2.94
fall-01-cam0-rgb-035.png,1,80,238,2.96
fall-01-cam0-rgb-036.png,1,78,240,3.09
fall-01-cam0-rgb-037.png,1,79,241,3.04
fall-01-cam0-rgb-038.png,1,78,242,3.1
fall-01-cam0-rgb-039.png,1,76,243,3.18
fall-01-cam0-rgb-040.png,1,75,243,3.26
fall-01-cam0-rgb-041.png,1,78,245,3.16
fall-01-cam0-rgb-042.png,1,75,246,3.27
fall-01-cam0-rgb-043.png,1,77,246,3.18
fall-01-cam0-rgb-044.png,1,80,247,3.11
fall-01-cam0-rgb-045.png,1,81,247,3.06
fall-01-cam0-rgb-046.png,1,84,248,2.96
fall-01-cam0-rgb-047.png,1,85,248,2.93
fall-01-cam0-rgb-048.png,1,88,248,2.8
fall-01-cam0-rgb-049.png,1,91,248,2.73
fall-01-cam0-rgb-050.png,1,95,248,2.62
fall-01-cam0-rgb-051.png,1,98,249,2.55
fall-01-cam0-rgb-052.png,1,98,249,2.55
fall-01-cam0-rgb-053.png,1,97,249,2.57
fall-01-cam0-rgb-054.png,1,99,250,2.52
fall-01-cam0-rgb-055.png,1,103,252,2.44
fall-01-cam0-rgb-056.png,1,102,255,2.51
fall-01-cam0-rgb-057.png,1,100,256,2.56
fall-01-cam0-rgb-058.png,1,99,258,2.61
fall-01-cam0-rgb-059.png,1,100,262,2.61
fall-01-cam0-rgb-060.png,1,99,265,2.68
fall-01-cam0-rgb-061.png,1,101,268,2.65
fall-01-cam0-rgb-062.png,1,98,270,2.75
fall-01-cam0-rgb-063.png,1,97,271,2.79
fall-01-cam0-rgb-064.png,1,95,273,2.88
fall-01-cam0-rgb-065.png,1,95,274,2.88
fall-01-cam0-rgb-066.png,1,96,276,2.88
fall-01-cam0-rgb-067.png,1,96,277,2.89
fall-01-cam0-rgb-068.png,1,97,278,2.86
fall-01-cam0-rgb-069.png,1,99,279,2.81
fall-01-cam0-rgb-070.png,1,100,281,2.81
fall-01-cam0-rgb-071.png,1,99,281,2.83
fall-01-cam0-rgb-072.png,1,99,281,2.85
fall-01-cam0-rgb-073.png,1,100,281,2.83
fall-01-cam0-rgb-074.png,1,99,281,2.84
fall-01-cam0-rgb-075.png,1,99,282,2.84
fall-01-cam0-rgb-076.png,1,98,282,2.88
fall-01-cam0-rgb-077.png,1,100,282,2.83
fall-01-cam0-rgb-078.png,1,104,282,2.72
fall-01-cam0-rgb-079.png,1,107,283,2.64
fall-01-cam0-rgb-080.png,1,110,284,2.59
fall-01-cam0-rgb-081.png,1,113,285,2.53
fall-01-cam0-rgb-082.png,1,113,287,2.53
fall-01-cam0-rgb-083.png,1,116,289,2.5
fall-01-cam0-rgb-084.png,1,121,289,2.4
fall-01-cam0-rgb-085.png,1,125,289,2.31
fall-01-cam0-rgb-086.png,1,127,287,2.26
fall-01-cam0-rgb-087.png,1,133,288,2.17
fall-01-cam0-rgb-088.png,1,139,284,2.04
fall-01-cam0-rgb-089.png,1,142,284,2.0
fall-01-cam0-rgb-090.png,1,144,286,1.99
fall-01-cam0-rgb-091.png,1,143,288,2.01
fall-01-cam0-rgb-092.png,1,141,289,2.05
fall-01-cam0-rgb-093.png,1,144,292,2.03
fall-01-cam0-rgb-094.png,1,134,288,2.14
fall-01-cam0-rgb-095.png,1,141,281,2.0
fall-01-cam0-rgb-096.png,1,137,273,1.98
fall-01-cam0-rgb-097.png,1,129,263,2.03
fall-01-cam0-rgb-098.png,1,133,253,1.91
fall-01-cam0-rgb-099.png,1,138,239,1.73
fall-01-cam0-rgb-100.png,1,146,243,1.67
fall-01-cam0-rgb-101.png,1,151,247,1.64
fall-01-cam0-rgb-102.png,1,157,250,1.59
fall-01-cam0-rgb-103.png,1,164,257,1.57
fall-01-cam0-rgb-104.png,1,173,256,1.48
fall-01-cam0-rgb-105.png,1,180,240,1.33
fall-01-cam0-rgb-106.png,1,189,229,1.21
fall-01-cam0-rgb-107.png,1,206,214,1.04
fall-01-cam0-rgb-108.png,1,207,207,1.0
fall-01-cam0-rgb-109.png,1,184,174,0.95
fall-01-cam0-rgb-110.png,1,184,167,0.91
fall-01-cam0-rgb-111.png,1,233,158,0.68
fall-01-cam0-rgb-112.png,0,,,
fall-01-cam0-rgb-113.png,0,,,
fall-01-cam0-rgb-114.png,0,,,
fall-01-cam0-rgb-115.png,0,,,
fall-01-cam0-rgb-116.png,0,,,
fall-01-cam0-rgb-117.png,0,,,
fall-01-cam0-rgb-118.png,0,,,
fall-01-cam0-rgb-119.png,0,,,
fall-01-cam0-rgb-120.png,0,,,
fall-01-cam0-rgb-121.png,0,,,
fall-01-cam0-rgb-122.png,1,212,199,0.94
fall-01-cam0-rgb-123.png,0,,,
fall-01-cam0-rgb-124.png,0,,,
fall-01-cam0-rgb-125.png,1,234,159,0.68
fall-01-cam0-rgb-126.png,1,235,133,0.57
fall-01-cam0-rgb-127.png,1,234,124,0.53
fall-01-cam0-rgb-128.png,1,227,115,0.51
fall-01-cam0-rgb-129.png,1,215,109,0.51
fall-01-cam0-rgb-130.png,1,209,106,0.51
fall-01-cam0-rgb-131.png,1,192,107,0.56
fall-01-cam0-rgb-132.png,1,190,108,0.57
fall-01-cam0-rgb-133.png,0,,,
fall-01-cam0-rgb-134.png,0,,,
fall-01-cam0-rgb-135.png,0,,,
fall-01-cam0-rgb-136.png,0,,,
fall-01-cam0-rgb-137.png,0,,,
fall-01-cam0-rgb-138.png,0,,,
fall-01-cam0-rgb-139.png,0,,,
fall-01-cam0-rgb-140.png,0,,,
fall-01-cam0-rgb-141.png,0,,,
fall-01-cam0-rgb-142.png,0,,,
fall-01-cam0-rgb-143.png,0,,,
fall-01-cam0-rgb-144.png,0,,,
fall-01-cam0-rgb-145.png,0,,,
fall-01-cam0-rgb-146.png,0,,,
fall-01-cam0-rgb-147.png,1,173,105,0.61
fall-01-cam0-rgb-148.png,0,,,
fall-01-cam0-rgb-149.png,0,,,
fall-01-cam0-rgb-150.png,1,176,105,0.6
fall-01-cam0-rgb-151.png,1,175,105,0.6
fall-01-cam0-rgb-152.png,1,175,105,0.6
fall-01-cam0-rgb-153.png,1,175,105,0.6
fall-01-cam0-rgb-154.png,1,175,105,0.6
fall-01-cam0-rgb-155.png,1,174,104,0.6
fall-01-cam0-rgb-156.png,1,174,104,0.6
fall-01-cam0-rgb-157.png,1,174,104,0.6
fall-01-cam0-rgb-158.png,1,174,104,0.6
fall-01-cam0-rgb-159.png,1,175,105,0.6
fall-01-cam0-rgb-160.png,1,174,105,0.6
